"CustomerId","full_name","Composer","spent_on_artist"
55,"Mark Taylor","Steve Harris","8.91"
36,"Hannah Schneider","Steve Harris","5.94"
46,"Hugh O'Reilly","Chico Science","5.94"
13,"Fernanda Ramos","Chris Robinson/Rich Robinson","4.95"
20,"Dan Miller","Gilberto Gil","4.95"
26,"Richard Cunningham","U2","4.95"
31,"Martha Silk","Titãs","4.95"
35,"Madalena Sampaio","Steve Harris","4.95"
53,"Phil Hughes","Bill Berry-Peter Buck-Mike Mills-Michael Stipe","4.95"
4,"Bjørn Hansen","Angus Young, Malcolm Young, Brian Johnson","3.96"
5,"František Wichterlová","Steve Harris","3.96"
8,"Daan Peeters","Jagger/Richards","3.96"
8,"Daan Peeters","Billy Corgan","3.96"
10,"Eduardo Martins","Bill Berry-Peter Buck-Mike Mills-Michael Stipe","3.96"
12,"Roberto Almeida","Chico Science","3.96"
14,"Mark Philips","R.E.M.","3.96"
20,"Dan Miller","Vários","3.96"
21,"Kathy Chase","Billie Joe Armstrong -Words Green Day -Music","3.96"
24,"Frank Ralston","Renato Russo","3.96"
27,"Patrick Gray","Steve Harris","3.96"
29,"Robert Brown","Billy Corgan","3.96"
30,"Edward Francis","R.E.M.","3.96"
37,"Fynn Zimmermann","Djavan","3.96"
38,"Niklas Schröder","Chris Robinson/Rich Robinson","3.96"
39,"Camille Bernard","J. C. Fogerty","3.96"
40,"Dominique Lefebvre","Queen","3.96"
43,"Isabelle Mercier","J.C. Fogerty","3.96"
45,"Ladislav Kovács","Bono, The Edge, Adam Clayton, and Larry Mullen","3.96"
46,"Hugh O'Reilly","The Tea Party","3.96"
47,"Lucas Mancini","Titãs","3.96"
47,"Lucas Mancini","Jagger/Richards","3.96"
49,"Stanisław Wójcik","Billy Corgan","3.96"
49,"Stanisław Wójcik","Bono/Clayton, Adam/Mullen Jr., Larry/The Edge","3.96"
50,"Enrique Muñoz","Pete Townshend","3.96"
56,"Diego Gutiérrez","Titãs","3.96"
59,"Puja Srivastava","J.C. Fogerty","3.96"
1,"Luís Gonçalves","Herbert Vianna","2.97"
5,"František Wichterlová","Billie Joe Armstrong -Words Green Day -Music","2.97"
7,"Astrid Gruber","Pete Townshend","2.97"
8,"Daan Peeters","The Tea Party","2.97"
9,"Kara Nielsen","Billy Corgan","2.97"
9,"Kara Nielsen","J. C. Fogerty","2.97"
9,"Kara Nielsen","J.C. Fogerty","2.97"
10,"Eduardo Martins","U2","2.97"
11,"Alexandre Rocha","Bill Berry-Peter Buck-Mike Mills-Michael Stipe","2.97"
12,"Roberto Almeida","Kurt Cobain","2.97"
13,"Fernanda Ramos","Hetfield, Ulrich, Hammett","2.97"
15,"Jennifer Peterson","Herbert Vianna","2.97"
16,"Frank Harris","Steve Harris","2.97"
17,"Jack Smith","Bob Rock/James Hetfield/Kirk Hammett/Lars Ulrich","2.97"
17,"Jack Smith","Titãs","2.97"
19,"Tim Goyer","Steve Harris","2.97"
20,"Dan Miller","Anthony Kiedis, Flea, John Frusciante, and Chad Smith","2.97"
23,"John Gordon","Milton Nascimento, Fernando Brant","2.97"
23,"John Gordon","J. C. Fogerty","2.97"
25,"Victor Stevens","Billie Joe Armstrong -Words Green Day -Music","2.97"
25,"Victor Stevens","U2","2.97"
27,"Patrick Gray","Jagger/Richards","2.97"
28,"Julia Barnett","Jagger/Richards","2.97"
28,"Julia Barnett","The Tea Party","2.97"
28,"Julia Barnett","Chris Cornell","2.97"
29,"Robert Brown","J.C. Fogerty","2.97"
29,"Robert Brown","Bono, The Edge, Adam Clayton, and Larry Mullen","2.97"
30,"Edward Francis","Billie Joe Armstrong -Words Green Day -Music","2.97"
32,"Aaron Mitchell","Kurt Cobain","2.97"
32,"Aaron Mitchell","Herbert Vianna","2.97"
32,"Aaron Mitchell","Chico Science","2.97"
32,"Aaron Mitchell","Gilberto Gil","2.97"
34,"João Fernandes","Jimmy Page, Robert Plant","2.97"
35,"Madalena Sampaio","Adrian Smith/Bruce Dickinson/Steve Harris","2.97"
35,"Madalena Sampaio","U2","2.97"
36,"Hannah Schneider","Van Halen","2.97"
36,"Hannah Schneider","Sully Erna","2.97"
36,"Hannah Schneider","James Hetfield, Lars Ulrich","2.97"
39,"Camille Bernard","Bill Berry-Peter Buck-Mike Mills-Michael Stipe","2.97"
40,"Dominique Lefebvre","Miles Davis","2.97"
40,"Dominique Lefebvre","Anthony Kiedis/Chad Smith/Flea/John Frusciante","2.97"
41,"Marc Dubois","Brian Eno, Bono, Adam Clayton, The Edge & Larry Mullen Jnr.","2.97"
42,"Wyatt Girard","Mike Bordin, Billy Gould, Mike Patton","2.97"
44,"Terhi Hämäläinen","Renato Russo","2.97"
46,"Hugh O'Reilly","U2","2.97"
47,"Lucas Mancini","Angus Young, Malcolm Young, Brian Johnson","2.97"
50,"Enrique Muñoz","Billie Joe Armstrong -Words Green Day -Music","2.97"
52,"Emma Jones","James Hetfield, Lars Ulrich, Kirk Hammett","2.97"
52,"Emma Jones","Renato Russo","2.97"
54,"Steve Murray","Herbert Vianna","2.97"
55,"Mark Taylor","Jimmy Page, Robert Plant, Charlie Jones, Michael Lee","2.97"
55,"Mark Taylor","U2","2.97"
58,"Manoj Pareek","Steve Harris","2.97"
59,"Puja Srivastava","Miles Davis","2.97"
2,"Leonie Köhler","Vários","1.98"
2,"Leonie Köhler","Brian Eno, Bono, Adam Clayton, The Edge & Larry Mullen Jnr.","1.98"
2,"Leonie Köhler","Steve Harris","1.98"
2,"Leonie Köhler","Eddie Vedder","1.98"
2,"Leonie Köhler","Clapton","1.98"
3,"François Tremblay","Audioslave/Chris Cornell","1.98"
3,"François Tremblay","Roy Z","1.98"
3,"François Tremblay","Metallica","1.98"
3,"François Tremblay","Pete Townshend","1.98"
4,"Bjørn Hansen","Chris Cornell","1.98"
4,"Bjørn Hansen","Jimmy Page, Robert Plant, John Paul Jones","1.98"
5,"František Wichterlová","Pete Townshend","1.98"
5,"František Wichterlová","Dave Kushner, Duff, Matt Sorum, Scott Weiland & Slash","1.98"
5,"František Wichterlová","Sykes","1.98"
6,"Helena Holý","Jay Kay/Kay, Jay","1.98"
6,"Helena Holý","Jay Kay","1.98"
6,"Helena Holý","Bill Berry-Peter Buck-Mike Mills-Michael Stipe","1.98"
6,"Helena Holý","Bono/Clayton, Adam/Mullen Jr., Larry/The Edge","1.98"
6,"Helena Holý","U2","1.98"
6,"Helena Holý","Billy Corgan","1.98"
7,"Astrid Gruber","U2","1.98"
7,"Astrid Gruber","Adam Clayton, Bono, Larry Mullen & The Edge","1.98"
8,"Daan Peeters","AC/DC","1.98"
8,"Daan Peeters","Bill Berry-Peter Buck-Mike Mills-Michael Stipe","1.98"
8,"Daan Peeters","Faith No More","1.98"
9,"Kara Nielsen","K.Hammett","1.98"
9,"Kara Nielsen","Dolmayan, John/Malakian, Daron/Odadjian, Shavo","1.98"
9,"Kara Nielsen","Tankian, Serj","1.98"
9,"Kara Nielsen","Anthony Kiedis/Chad Smith/Flea/John Frusciante","1.98"
9,"Kara Nielsen","Geddy Lee And Alex Lifeson/Geddy Lee And Neil Peart/Rush","1.98"
9,"Kara Nielsen","Mick Hucknall","1.98"
10,"Eduardo Martins","Brian Eno, Bono, Adam Clayton, The Edge & Larry Mullen Jnr.","1.98"
10,"Eduardo Martins","Jeff Ament","1.98"
11,"Alexandre Rocha","Dave Abbruzzese/Eddie Vedder/Jeff Ament/Mike McCready/Stone Gossard","1.98"
11,"Alexandre Rocha","Gonzaga Jr.","1.98"
12,"Roberto Almeida","Jimmy Page, Robert Plant & John Paul Jones","1.98"
12,"Roberto Almeida","Mônica Marianno","1.98"
12,"Roberto Almeida","Billy Corgan","1.98"
12,"Roberto Almeida","Chris Cornell","1.98"
13,"Fernanda Ramos","Dado Villa-Lobos/Marcelo Bonfá","1.98"
13,"Fernanda Ramos","Lenny Kravitz","1.98"
13,"Fernanda Ramos","AC/DC","1.98"
14,"Mark Philips","Alanis Morissette & Glenn Ballard","1.98"
14,"Mark Philips","Apocalyptica","1.98"
14,"Mark Philips","Bill Berry/Michael Stipe/Mike Mills/Peter Buck","1.98"
14,"Mark Philips","C. Muncey/N. Cester","1.98"
14,"Mark Philips","Jimi Hendrix","1.98"
15,"Jennifer Peterson","João Suplicy","1.98"
15,"Jennifer Peterson","Steve Harris","1.98"
16,"Frank Harris","Harris","1.98"
16,"Frank Harris","Alex Van Halen/David Lee Roth/Edward Van Halen/Michael Anthony","1.98"
16,"Frank Harris","Vários","1.98"
17,"Jack Smith","Metallica","1.98"
17,"Jack Smith","Dave Grohl, Taylor Hawkins, Nate Mendel, Chris Shiflett/FOO FIGHTERS","1.98"
18,"Michelle Brooks","Caetano Veloso","1.98"
18,"Michelle Brooks","Jimmy Page, Robert Plant","1.98"
18,"Michelle Brooks","Vários","1.98"
18,"Michelle Brooks","Tankian, Serj","1.98"
19,"Tim Goyer","Djavan","1.98"
19,"Tim Goyer","Joe Strummer/Mick Jones","1.98"
20,"Dan Miller","Miles Davis","1.98"
20,"Dan Miller","Anthony Kiedis/Chad Smith/Flea/John Frusciante","1.98"
21,"Kathy Chase","W. Axl Rose","1.98"
21,"Kathy Chase","Vários","1.98"
21,"Kathy Chase","Jimmy Page, Robert Plant, Charlie Jones, Michael Lee","1.98"
21,"Kathy Chase","Brian Eno, Bono, Adam Clayton, The Edge & Larry Mullen Jnr.","1.98"
21,"Kathy Chase","Adam Clayton, Bono, Larry Mullen, The Edge","1.98"
22,"Heather Leacock","U2","1.98"
22,"Heather Leacock","Alanis Morissette & Glenn Ballard","1.98"
22,"Heather Leacock","James Hetfield, Lars Ulrich","1.98"
22,"Heather Leacock","Hetfield, Ulrich","1.98"
23,"John Gordon","Cornell, Commerford, Morello, Wilk","1.98"
23,"John Gordon","U2","1.98"
24,"Frank Ralston","U2","1.98"
24,"Frank Ralston","Jimmy Page/Robert Plant","1.98"
25,"Victor Stevens","David Coverdale","1.98"
25,"Victor Stevens","Tim Maia","1.98"
25,"Victor Stevens","Van Halen","1.98"
25,"Victor Stevens","Steve Harris","1.98"
26,"Richard Cunningham","R.E.M.","1.98"
26,"Richard Cunningham","Green Day","1.98"
27,"Patrick Gray","Joe Strummer/Mick Jones","1.98"
27,"Patrick Gray","G M Sumner","1.98"
28,"Julia Barnett","R.E.M.","1.98"
28,"Julia Barnett","G M Sumner","1.98"
28,"Julia Barnett","Faith No More","1.98"
28,"Julia Barnett","Dave Grohl, Taylor Hawkins, Nate Mendel, Chris Shiflett","1.98"
29,"Robert Brown","Herbert Vianna","1.98"
29,"Robert Brown","Red Hot Chili Peppers","1.98"
29,"Robert Brown","May, Brian","1.98"
29,"Robert Brown","Adam Clayton, Bono, Larry Mullen & The Edge","1.98"
30,"Edward Francis","Steve Harris","1.98"
30,"Edward Francis","Eddie Vedder & Mike McCready","1.98"
30,"Edward Francis","Eddie Vedder","1.98"
30,"Edward Francis","Dave Abbruzzese/Eddie Vedder/Jeff Ament/Mike McCready/Stone Gossard","1.98"
31,"Martha Silk","Herbert Vianna","1.98"
31,"Martha Silk","Mônica Marianno","1.98"
31,"Martha Silk","Kurt Cobain","1.98"
32,"Aaron Mitchell","Marisa Monte/Nando Reis","1.98"
32,"Aaron Mitchell","Bourge/Phillips/Shelley","1.98"
32,"Aaron Mitchell","Doyle Bramhall/Stevie Ray Vaughan","1.98"
33,"Ellie Sullivan","Kelly, Mosley, Rothery, Trewaves","1.98"
33,"Ellie Sullivan","Caetano Veloso e Gilberto Gil","1.98"
33,"Ellie Sullivan","Angus Young, Malcolm Young, Brian Johnson","1.98"
33,"Ellie Sullivan","Alanis Morissette & Glenn Ballard","1.98"
33,"Ellie Sullivan","Deacon","1.98"
34,"João Fernandes","Rodolfo","1.98"
34,"João Fernandes","Gilberto Gil","1.98"
34,"João Fernandes","João Suplicy","1.98"
35,"Madalena Sampaio","Bono/Clayton, Adam/Mullen Jr., Larry/The Edge","1.98"
35,"Madalena Sampaio","U2; Bono","1.98"
36,"Hannah Schneider","Edward Van Halen, Alex Van Halen, Michael Anthony and David Lee Roth","1.98"
36,"Hannah Schneider","James Hetfield, Lars Ulrich, Dave Mustaine","1.98"
37,"Fynn Zimmermann","Tony Iommi, Bill Ward, Geezer Butler, Ozzy Osbourne","1.98"
38,"Niklas Schröder","Jimmy Page/Robert Plant","1.98"
38,"Niklas Schröder","Dolmayan, John/Malakian, Daron/Odadjian, Shavo","1.98"
39,"Camille Bernard","Steve Harris","1.98"
39,"Camille Bernard","Miles Davis","1.98"
39,"Camille Bernard","Bill Berry/Michael Stipe/Mike Mills/Peter Buck","1.98"
39,"Camille Bernard","R.E.M.","1.98"
39,"Camille Bernard","Rodolfo","1.98"
40,"Dominique Lefebvre","Anthony Kiedis, Flea, John Frusciante, and Chad Smith","1.98"
40,"Dominique Lefebvre","Red Hot Chili Peppers","1.98"
40,"Dominique Lefebvre","Green Day","1.98"
41,"Marc Dubois","Vários","1.98"
41,"Marc Dubois","Jimmy Page, Robert Plant, Charlie Jones, Michael Lee","1.98"
41,"Marc Dubois","Adam Clayton, Bono, Larry Mullen & The Edge","1.98"
42,"Wyatt Girard","Audioslave/Chris Cornell","1.98"
42,"Wyatt Girard","Bob Rock/James Hetfield/Kirk Hammett/Lars Ulrich","1.98"
42,"Wyatt Girard","The Tea Party","1.98"
43,"Isabelle Mercier","Titãs","1.98"
43,"Isabelle Mercier","Henry Purcell","1.98"
43,"Isabelle Mercier","Johann Sebastian Bach","1.98"
43,"Isabelle Mercier","J. C. Fogerty","1.98"
43,"Isabelle Mercier","Adam Clayton, Bono, Larry Mullen & The Edge","1.98"
43,"Isabelle Mercier","Jimmy Page, Robert Plant & John Paul Jones","1.98"
43,"Isabelle Mercier","Jimmy Page, Robert Plant","1.98"
44,"Terhi Hämäläinen","Edward Van Halen, Alex Van Halen, Michael Anthony and David Lee Roth","1.98"
45,"Ladislav Kovács","Titãs","1.98"
45,"Ladislav Kovács","Smith, Toby","1.98"
45,"Ladislav Kovács","Jay Kay/Toby Smith","1.98"
47,"Lucas Mancini","G M Sumner","1.98"
47,"Lucas Mancini","The Tea Party","1.98"
48,"Johannes Van der Berg","Dave Grohl, Taylor Hawkins, Nate Mendel, Chris Shiflett/FOO FIGHTERS","1.98"
48,"Johannes Van der Berg","Foo Fighters","1.98"
48,"Johannes Van der Berg","Stevie Ray Vaughan","1.98"
48,"Johannes Van der Berg","Anthony Kiedis/Chad Smith/Flea/John Frusciante","1.98"
48,"Johannes Van der Berg","Anthony Kiedis, Flea, John Frusciante, and Chad Smith","1.98"
48,"Johannes Van der Berg","Red Hot Chili Peppers","1.98"
49,"Stanisław Wójcik","Bill Berry/Michael Stipe/Mike Mills/Peter Buck","1.98"
50,"Enrique Muñoz","Eddie Vedder","1.98"
50,"Enrique Muñoz","Mercury, Freddie","1.98"
50,"Enrique Muñoz","Mercury","1.98"
51,"Joakim Johansson","Steve Harris","1.98"
51,"Joakim Johansson","Clarke/Kilmister/Taylor","1.98"
51,"Joakim Johansson","Kurt Cobain","1.98"
51,"Joakim Johansson","Chico Science","1.98"
52,"Emma Jones","Tankian, Serj","1.98"
52,"Emma Jones","Caetano Veloso e Gilberto Gil","1.98"
53,"Phil Hughes","Alanis Morissette & Glenn Ballard","1.98"
53,"Phil Hughes","Robert Plant","1.98"
54,"Steve Murray","Green Day","1.98"
54,"Steve Murray","C. Cester/N. Cester","1.98"
54,"Steve Murray","Jimi Hendrix","1.98"
55,"Mark Taylor","J.C. Fogerty","1.98"
55,"Mark Taylor","Blaze Bayley/Janick Gers/Steve Harris","1.98"
55,"Mark Taylor","Janick Gers/Steve Harris","1.98"
55,"Mark Taylor","Alex Van Halen/David Lee Roth/Edward Van Halen/Michael Anthony","1.98"
56,"Diego Gutiérrez","J.Hetfield/L.Ulrich","1.98"
56,"Diego Gutiérrez","Tim Maia","1.98"
57,"Luis Rojas","J.C. Fogerty","1.98"
57,"Luis Rojas","Gilberto Gil","1.98"
57,"Luis Rojas","John Bonham/John Paul Jones","1.98"
57,"Luis Rojas","Jimmy Page, Robert Plant, John Paul Jones","1.98"
58,"Manoj Pareek","Chris Robinson/Rich Robinson","1.98"
58,"Manoj Pareek","Joe Strummer/Mick Jones","1.98"
59,"Puja Srivastava","Roy Z","1.98"
59,"Puja Srivastava","R.E.M.","1.98"
59,"Puja Srivastava","Rodolfo","1.98"
59,"Puja Srivastava","Anthony Kiedis/Chad Smith/Flea/John Frusciante","1.98"
1,"Luís Gonçalves","Paul Stanley, Gene Simmons, B. Ezrin","0.99"
1,"Luís Gonçalves","Gene Simmons","0.99"
1,"Luís Gonçalves","Paul Stanley, Gene Simmons","0.99"
1,"Luís Gonçalves","Ace Frehley","0.99"
1,"Luís Gonçalves","Dylan, Bob","0.99"
1,"Luís Gonçalves","Jean Sibelius","0.99"
1,"Luís Gonçalves","Ralph Vaughan Williams","0.99"
1,"Luís Gonçalves","Chico Science","0.99"
1,"Luís Gonçalves","Bino Farias/Da Gama/Lazão/Toni Garrido","0.99"
1,"Luís Gonçalves","Bernardo Vilhena/Da Gama/Lazão","0.99"
1,"Luís Gonçalves","Bino/Da Gama/Toni Garrido","0.99"
1,"Luís Gonçalves","Cal Adan/Paulo Levi","0.99"
1,"Luís Gonçalves","Cal Adan/Del Rey, Tension/Edu Casanova","0.99"
1,"Luís Gonçalves","Jimmy Page/John Bonham/John Paul Jones","0.99"
1,"Luís Gonçalves","Frank Zappa","0.99"
1,"Luís Gonçalves","Antonio Carlos Jobim/Vinicius de Moraes","0.99"
1,"Luís Gonçalves","L. Kilmister, O. Osbourne & Z. Wylde","0.99"
1,"Luís Gonçalves","O. Osbourne, R. Daisley, R. Rhoads, L. Kerslake","0.99"
1,"Luís Gonçalves","A. F. Iommi, W. Ward, T. Butler, J. Osbourne","0.99"
2,"Leonie Köhler","U. Dirkschneider, W. Hoffmann, H. Frank, P. Baltes, S. Kaufmann, G. Hoffmann","0.99"
2,"Leonie Köhler","F. Baltes, R.A. Smith-Diesel, S. Kaufman, U. Dirkscneider & W. Hoffman","0.99"
2,"Leonie Köhler","Do Vale, Valverde/Gal Oliveira/Luciano Pinto","0.99"
2,"Leonie Köhler","Jimmy Page","0.99"
2,"Leonie Köhler","J B Lenoir/Willie Dixon","0.99"
2,"Leonie Köhler","Don Van Vliet","0.99"
2,"Leonie Köhler","J.r.Bertami/Parana","0.99"
2,"Leonie Köhler","Nando Reis","0.99"
2,"Leonie Köhler","Danzig","0.99"
2,"Leonie Köhler","Roger Taylor","0.99"
2,"Leonie Köhler","Queen","0.99"
2,"Leonie Köhler","Paul Stanley, Vincent Poncia","0.99"
2,"Leonie Köhler","Paul Stanley","0.99"
2,"Leonie Köhler","Pearl Jam","0.99"
2,"Leonie Köhler","Jeff Ament & Eddie Vedder","0.99"
2,"Leonie Köhler","Jeff Ament","0.99"
2,"Leonie Köhler","Bono/Clayton, Adam/Mullen Jr., Larry/The Edge","0.99"
2,"Leonie Köhler","Mabins, Macie/Magee, Sterling/Robinson, Bobby","0.99"
2,"Leonie Köhler","Roy Z","0.99"
2,"Leonie Köhler","Eurreal Montgomery","0.99"
2,"Leonie Köhler","Buddy Guy","0.99"
2,"Leonie Köhler","Al Perkins/Willie Dixon","0.99"
2,"Leonie Köhler","Clapton/Trad. Arr. Clapton","0.99"
2,"Leonie Köhler","Eugene McDaniel","0.99"
2,"Leonie Köhler","Jimmy Cox","0.99"
2,"Leonie Köhler","Traditional","0.99"
2,"Leonie Köhler","John Entwistle","0.99"
3,"François Tremblay","Cornell, Commerford, Morello, Wilk","0.99"
3,"François Tremblay","Enotris Johnson/Little Richard/Robert ""Bumps"" Blackwell","0.99"
3,"François Tremblay","Little Richard","0.99"
3,"François Tremblay","George Duke","0.99"
3,"François Tremblay","Tony Iommi, Bill Ward, Geezer Butler, Ozzy Osbourne","0.99"
3,"François Tremblay","Bob Rock/James Hetfield/Kirk Hammett/Lars Ulrich","0.99"
3,"François Tremblay","James Hetfield, Lars Ulrich & Jason Newsted","0.99"
3,"François Tremblay","James Hetfield, Lars Ulrich and Kirk Hammett","0.99"
3,"François Tremblay","Ira Gershwin, Kurt Weill","0.99"
3,"François Tremblay","H. Spina, J. Elliott","0.99"
3,"François Tremblay","Dolores Duran","0.99"
3,"François Tremblay","Milton Nascimento, Fernando Brant","0.99"
3,"François Tremblay","Edward Elgar","0.99"
3,"François Tremblay","Ludwig van Beethoven","0.99"
3,"François Tremblay","Hector Berlioz","0.99"
3,"François Tremblay","Billy Corgan","0.99"
4,"Bjørn Hansen","J.C. Fogerty","0.99"
4,"Bjørn Hansen","R. DeLeo/Weiland","0.99"
4,"Bjørn Hansen","Bono/Clayton, Adam/Mullen Jr., Larry/The Edge","0.99"
4,"Bjørn Hansen","Bono/Clayton, Adam/Dylan, Bob/Mullen Jr., Larry/The Edge","0.99"
4,"Bjørn Hansen","Habib Koité","0.99"
4,"Bjørn Hansen","Johann Pachelbel","0.99"
4,"Bjørn Hansen","Franz Joseph Haydn","0.99"
4,"Bjørn Hansen","Gustav Holst","0.99"
4,"Bjørn Hansen","Nikolai Rimsky-Korsakov","0.99"
4,"Bjørn Hansen","John Adams","0.99"
4,"Bjørn Hansen","J. B. Lenoir/Willie Dixon","0.99"
4,"Bjørn Hansen","Jimmy Page/John Bonham/John Paul Jones","0.99"
4,"Bjørn Hansen","Jimmy Page, Robert Plant","0.99"
4,"Bjørn Hansen","John Paul Jones/Robert Plant","0.99"
4,"Bjørn Hansen","Jimmy Page/Robert Plant","0.99"
4,"Bjørn Hansen","John Bonham/John Paul Jones/Robert Plant","0.99"
4,"Bjørn Hansen","Robert Plant","0.99"
4,"Bjørn Hansen","Billy Corgan","0.99"
4,"Bjørn Hansen","David Cook","0.99"
5,"František Wichterlová","R. DeLeo/Weiland","0.99"
5,"František Wichterlová","Kretz/R. DeLeo/Weiland","0.99"
5,"František Wichterlová","Bill Berry-Peter Buck-Mike Mills-Michael Stipe","0.99"
5,"František Wichterlová","Edward Van Halen, Alex Van Halen, David Lee Roth, Michael Anthony","0.99"
5,"František Wichterlová","Edward Van Halen, Alex Van Halen, Michael Anthony,/Edward Van Halen, Alex Van Halen, Michael Anthony, Sammy Hagar","0.99"
5,"František Wichterlová","Edward Van Halen, Alex Van Halen, Michael Anthony and David Lee Roth","0.99"
5,"František Wichterlová","Van Halen","0.99"
5,"František Wichterlová","Mauro Diniz/Ratino Sigem","0.99"
5,"František Wichterlová","Acyi Marques/Arlindo Bruz/Braço, Beto Sem/Zeca Pagodinho","0.99"
5,"František Wichterlová","Adrian Smith; Bruce Dickinson","0.99"
5,"František Wichterlová","Adrian Smith; Bruce Dickinson; Steve Harris","0.99"
5,"František Wichterlová","Adrian Smith","0.99"
5,"František Wichterlová","Adrian Smith/Clive Burr/Steve Harris","0.99"
5,"František Wichterlová","Blaze Bayley/Janick Gers","0.99"
6,"Helena Holý","Toby Smith","0.99"
6,"Helena Holý","J. Kay/Jay Kay","0.99"
6,"Helena Holý","C. Cester/C. Muncey/N. Cester","0.99"
6,"Helena Holý","C. Muncey/N. Cester","0.99"
6,"Helena Holý","Jimi Hendrix","0.99"
6,"Helena Holý","Hendrix, Jimi","0.99"
6,"Helena Holý","Robert Geddins/Ron Badger/Sheldon Feinberg","0.99"
6,"Helena Holý","Tradicional","0.99"
6,"Helena Holý","Caetano Veloso","0.99"
6,"Helena Holý","Chico Buarque","0.99"
6,"Helena Holý","Caetano Veloso - Djavan","0.99"
6,"Helena Holý","Fausto Nilo - Armandinho","0.99"
6,"Helena Holý","Sérgio Britto","0.99"
7,"Astrid Gruber","Dolmayan, John/Malakian, Daron/Odadjian, Shavo","0.99"
7,"Astrid Gruber","Tankian, Serj","0.99"
7,"Astrid Gruber","Adam Clayton, Bono, Larry Mullen, The Edge","0.99"
7,"Astrid Gruber","Buzz Cason/Mac Gayden","0.99"
7,"Astrid Gruber","Bono, The Edge, Adam Clayton, and Larry Mullen","0.99"
7,"Astrid Gruber","Dylan, Bob","0.99"
7,"Astrid Gruber","Bono/Clayton, Adam/Mullen Jr., Larry/The Edge","0.99"
7,"Astrid Gruber","W. Axl Rose","0.99"
7,"Astrid Gruber","Izzy Stradlin'/W. Axl Rose","0.99"
7,"Astrid Gruber","Richard Bull","0.99"
7,"Astrid Gruber","Fayyaz Virgi/Richard Bull","0.99"
7,"Astrid Gruber","Steve Harris","0.99"
7,"Astrid Gruber","Adrian Smith/Bruce Dickinson","0.99"
7,"Astrid Gruber","Bruce Dickinson/Janick Gers","0.99"
7,"Astrid Gruber","John Entwistle/Pete Townshend","0.99"
7,"Astrid Gruber","Edvard Grieg","0.99"
7,"Astrid Gruber","Wolfgang Amadeus Mozart","0.99"
7,"Astrid Gruber","Paul O'duffy","0.99"
7,"Astrid Gruber","Dick Holler","0.99"
8,"Daan Peeters","Steven Tyler, Joe Perry","0.99"
8,"Daan Peeters","Steven Tyler, Tom Hamilton","0.99"
8,"Daan Peeters","Steven Tyler, Jim Vallance","0.99"
8,"Daan Peeters","Steven Tyler, Desmond Child","0.99"
8,"Daan Peeters","K.Hammett","0.99"
8,"Daan Peeters","Robby Krieger, Ray Manzarek, John Densmore, Jim Morrison","0.99"
8,"Daan Peeters","G M Sumner","0.99"
8,"Daan Peeters","Jerry Ragavoy","0.99"
8,"Daan Peeters","John Entwistle","0.99"
8,"Daan Peeters","Pete Townshend","0.99"
8,"Daan Peeters","Jon Hudson/Mike Bordin/Mike Patton","0.99"
8,"Daan Peeters","Bill Gould/Mike Bordin/Mike Patton","0.99"
8,"Daan Peeters","Mike Bordin, Billy Gould, Mike Patton, Trey Spruance","0.99"
8,"Daan Peeters","Mike Bordin, Billy Gould, Mike Patton","0.99"
8,"Daan Peeters","Al Cleveland/Marvin Gaye/Renaldo Benson","0.99"
8,"Daan Peeters","Marvin Gaye","0.99"
9,"Kara Nielsen","Jimmy Page/Jimmy Page & Robert Plant/Robert Plant","0.99"
9,"Kara Nielsen","Bi Ribeira/Herbert Vianna/João Barone","0.99"
9,"Kara Nielsen","Chico Science/Dengue/Lúcio Maia","0.99"
9,"Kara Nielsen","Anthony Kiedis, Flea, John Frusciante, and Chad Smith","0.99"
9,"Kara Nielsen","Red Hot Chili Peppers","0.99"
9,"Kara Nielsen","Carlos Santana","0.99"
9,"Kara Nielsen","Leão, Rodrigo F./Samuel Rosa","0.99"
9,"Kara Nielsen","Samuel Rosa","0.99"
9,"Kara Nielsen","Hawkins-Lewis-Broadwater","0.99"
10,"Eduardo Martins","Bolin/Coverdale","0.99"
10,"Eduardo Martins","Blackmore, Gillan, Glover, Lord, Paice","0.99"
10,"Eduardo Martins","Ritchie Blackmore, Ian Gillan, Roger Glover, Jon Lord, Ian Paice","0.99"
10,"Eduardo Martins","Richie Blackmore, Ian Gillian, Roger Glover","0.99"
10,"Eduardo Martins","Richie Blackmore, Ian Gillian, Roger Glover, Ian Paice","0.99"
10,"Eduardo Martins","Ian Gillan/Ian Paice/Jon Lord/Ritchie Blckmore/Roger Glover","0.99"
10,"Eduardo Martins","Ian Gillan, Roger Glover, Jon Lord, Steve Morse, Ian Paice","0.99"
10,"Eduardo Martins","John Bonham/John Paul Jones","0.99"
10,"Eduardo Martins","John Paul Jones","0.99"
10,"Eduardo Martins","U2 & Daragh O'Toole","0.99"
10,"Eduardo Martins","U2 & Van Dyke Parks","0.99"
10,"Eduardo Martins","U2; Bono","0.99"
10,"Eduardo Martins","Harris","0.99"
10,"Eduardo Martins","Marvin Gaye","0.99"
10,"Eduardo Martins","Jimmy Page, Robert Plant, Charlie Jones, Michael Lee","0.99"
10,"Eduardo Martins","David Murray/Paul Di'Anno/Steve Harris","0.99"
10,"Eduardo Martins","Pearl Jam","0.99"
10,"Eduardo Martins","Stone Gossard & Eddie Vedder","0.99"
10,"Eduardo Martins","Matt Cameron","0.99"
10,"Eduardo Martins","Jeff Ament/Stone Gossard","0.99"
10,"Eduardo Martins","Dave Abbruzzese/Eddie Vedder/Jeff Ament/Mike McCready/Stone Gossard","0.99"
10,"Eduardo Martins","Gilmour, Mason, Wright, Waters","0.99"
11,"Alexandre Rocha","C.Burton","0.99"
11,"Alexandre Rocha","K.Hammett","0.99"
11,"Alexandre Rocha","Eddie Vedder","0.99"
11,"Alexandre Rocha","Jeff Ament","0.99"
11,"Alexandre Rocha","Wright, Waters","0.99"
11,"Alexandre Rocha","Deacon, John","0.99"
11,"Alexandre Rocha","Mercury, Freddie","0.99"
11,"Alexandre Rocha","Mercury","0.99"
11,"Alexandre Rocha","Billie Joe Armstrong -Words Green Day -Music","0.99"
11,"Alexandre Rocha","David Coverdale","0.99"
11,"Alexandre Rocha","Bossi/David Coverdale/Earl Slick","0.99"
11,"Alexandre Rocha","Os Mutantes - Arnolpho Lima Filho","0.99"
11,"Alexandre Rocha","Smith/Dickinson","0.99"
11,"Alexandre Rocha","Steve Harris","0.99"
11,"Alexandre Rocha","Herbert Vianna","0.99"
11,"Alexandre Rocha","James Brown/Tim Maia","0.99"
11,"Alexandre Rocha","C. A./C.A./Celso Alvim/Herbert Vianna/Mário Moura/Pedro Luís/Sidon Silva","0.99"
11,"Alexandre Rocha","Bi Ribeiro/Herbert Vianna/João Barone","0.99"
11,"Alexandre Rocha","Gilson Mendonça/Michel","0.99"
11,"Alexandre Rocha","Tim Maia","0.99"
11,"Alexandre Rocha","Carlos Imperial/Tim Maia","0.99"
12,"Roberto Almeida","Milton Nascimento, Fernando Brant","0.99"
12,"Roberto Almeida","Beto Guedes, Márcio Borges","0.99"
12,"Roberto Almeida","Clarke/Kilmister/Taylor","0.99"
12,"Roberto Almeida","Nikki Sixx/Tommy Lee/Vince Neil","0.99"
12,"Roberto Almeida","Nirvana","0.99"
12,"Roberto Almeida","Herbert Vianna","0.99"
12,"Roberto Almeida","Chris Cornell/Kim Thayil","0.99"
12,"Roberto Almeida","Ben Shepherd/Chris Cornell/Kim Thayil/Matt Cameron","0.99"
13,"Fernanda Ramos","Hetfield, Ulrich","0.99"
13,"Fernanda Ramos","Terry Bozzio, Steve Stevens, Tony Levin","0.99"
13,"Fernanda Ramos","Clapton/Levy","0.99"
13,"Fernanda Ramos","Steve Harris","0.99"
13,"Fernanda Ramos","Dickinson","0.99"
13,"Fernanda Ramos","Renato Russo","0.99"
13,"Fernanda Ramos","Kelly, Mosley, Rothery, Trewaves","0.99"
13,"Fernanda Ramos","Gilberto Gil","0.99"
13,"Fernanda Ramos","Caetano Veloso e Gilberto Gil","0.99"
13,"Fernanda Ramos","Brian Holland/Eddie Holland/Lamont Dozier","0.99"
13,"Fernanda Ramos","Dick Holler","0.99"
13,"Fernanda Ramos","Freddy James, Jimmy hogarth & Larry Stock","0.99"
13,"Fernanda Ramos","Johann Sebastian Bach","0.99"
13,"Fernanda Ramos","Henry Purcell","0.99"
13,"Fernanda Ramos","Carl Nielsen","0.99"
13,"Fernanda Ramos","Franz Schubert","0.99"
13,"Fernanda Ramos","F. Baltes, S. Kaufman, U. Dirkscneider & W. Hoffman","0.99"
13,"Fernanda Ramos","Angus Young, Malcolm Young, Brian Johnson","0.99"
14,"Mark Philips","Jerry Cantrell","0.99"
14,"Mark Philips","Jerry Cantrell, Michael Starr, Layne Staley","0.99"
14,"Mark Philips","Audioslave/Chris Cornell","0.99"
14,"Mark Philips","Clapton/Dylan","0.99"
14,"Mark Philips","Clapton","0.99"
14,"Mark Philips","John Paul Jones, Jimmy Page & Robert Plant","0.99"
14,"Mark Philips","Jimmy Page, Robert Plant & John Paul Jones","0.99"
14,"Mark Philips","Jimmy Page, Robert Plant, John Paul Jones, John Bonham","0.99"
14,"Mark Philips","Jimmy Page, Robert Plant","0.99"
14,"Mark Philips","Alfred Ellis/James Brown","0.99"
14,"Mark Philips","Full Force/James Brown","0.99"
14,"Mark Philips","Jay Kay/Kay, Jay","0.99"
14,"Mark Philips","Derrick McKenzie/Jay Kay/Toby Smith","0.99"
14,"Mark Philips","Toby Smith","0.99"
14,"Mark Philips","J. Satriani","0.99"
14,"Mark Philips","Hyldon","0.99"
14,"Mark Philips","João Suplicy","0.99"
15,"Jennifer Peterson","Jimi Hendrix","0.99"
15,"Jennifer Peterson","Gene Simmons","0.99"
15,"Jennifer Peterson","Paul Stanley, Vincent Cusano","0.99"
15,"Jennifer Peterson","Jimmy Page/Led Zeppelin","0.99"
15,"Jennifer Peterson","Jimmy Page, Robert Plant","0.99"
15,"Jennifer Peterson","Jimmy Page/Jimmy Page & Robert Plant/Robert Plant","0.99"
15,"Jennifer Peterson","Robert Plant & John Paul Jones","0.99"
15,"Jennifer Peterson","E. Schrody/L. Freese/L. Muggerud","0.99"
15,"Jennifer Peterson","E. Schrody/L. Muggerud","0.99"
15,"Jennifer Peterson","E. Schrody/L. Dimant/L. Muggerud","0.99"
15,"Jennifer Peterson","Bruce Dickinson/Janick Gers/Steve Harris","0.99"
15,"Jennifer Peterson","Chris Frantz/David Byrne/Jerry Harrison/Tina Weymouth","0.99"
15,"Jennifer Peterson","Herbert Vianna/Tetê Tillet","0.99"
15,"Jennifer Peterson","Vários","0.99"
16,"Frank Harris","Clapton/F.eldman/Linn","0.99"
16,"Frank Harris","Eric Clapton","0.99"
16,"Frank Harris","Bruce Dickinson/Janick Gers/Steve Harris","0.99"
16,"Frank Harris","Adrian Smith/Steve Harris","0.99"
16,"Frank Harris","David Murray/Steve Harris","0.99"
16,"Frank Harris","Bruce Dickinson/David Murray","0.99"
16,"Frank Harris","Harris/Di Anno","0.99"
16,"Frank Harris","Bruce Dickinson/Steve Harris","0.99"
16,"Frank Harris","Adrian Smith/Bruce Dickinson/Steve Harris","0.99"
16,"Frank Harris","U2; Bono","0.99"
16,"Frank Harris","Edward Van Halen, Alex Van Halen, David Lee Roth, Michael Anthony","0.99"
16,"Frank Harris","Edward Van Halen, Alex Van Halen, David Lee Roth","0.99"
16,"Frank Harris","Van Halen","0.99"
16,"Frank Harris","Ray Davies","0.99"
16,"Frank Harris","Ulrich","0.99"
16,"Frank Harris","James Hetfield, Lars Ulrich and Kirk Hammett","0.99"
16,"Frank Harris","James Hetfield, Lars Ulrich and Jason Newsted","0.99"
16,"Frank Harris","Killing Joke","0.99"
16,"Frank Harris","Jones/Sirotto/Smith","0.99"
16,"Frank Harris","Culmer/Exalt","0.99"
17,"Jack Smith","Hetfield, Ulrich","0.99"
17,"Jack Smith","Tom Jobim - Newton Mendoça","0.99"
17,"Jack Smith","Dave Grohl, Taylor Hawkins, Nate Mendel, Chris Shiflett","0.99"
17,"Jack Smith","Foo Fighters","0.99"
17,"Jack Smith","Dave, Taylor, Nate, Chris","0.99"
17,"Jack Smith","fred ebb/john kander","0.99"
17,"Jack Smith","jimmy van heusen/sammy cahn","0.99"
17,"Jack Smith","jim croce","0.99"
17,"Jack Smith","Humberto Teixeira/Luiz Gonzaga","0.99"
17,"Jack Smith","Arnaldo Antunes/Charles Gavin/Marcelo Fromer/Sérgio Britto/Toni Bellotto","0.99"
17,"Jack Smith","Toni Bellotto","0.99"
17,"Jack Smith","Ciro Pressoa/Marcelo Fromer","0.99"
18,"Michelle Brooks","Big Bill Broonzy","0.99"
18,"Michelle Brooks","Eric Clapton","0.99"
18,"Michelle Brooks","Eric Clapton, Jim Gordon","0.99"
18,"Michelle Brooks","Robert Johnson","0.99"
18,"Michelle Brooks","Jimmy Page, Robert Plant, John Paul Jones, John Bonham, Memphis Minnie","0.99"
18,"Michelle Brooks","Jimmy Page","0.99"
18,"Michelle Brooks","Willie Dixon","0.99"
18,"Michelle Brooks","Jimmy Page, Robert Plant, John Paul Jones, John Bonham","0.99"
18,"Michelle Brooks","Coverdale/Hughes","0.99"
18,"Michelle Brooks","Ritchie Blackmore, Ian Gillan, Roger Glover, Jon Lord, Ian Paice","0.99"
18,"Michelle Brooks","Richie Blackmore, Ian Gillian, Roger Glover, Jon Lord, Ian Paice","0.99"
18,"Michelle Brooks","Ian Gillan/Ian Paice/Jon Lord/Ritchie Blckmore/Roger Glover","0.99"
18,"Michelle Brooks","Ian Gillan, Roger Glover, Jon Lord, Steve Morse, Ian Paice","0.99"
18,"Michelle Brooks","Blackmore, Glover, Turner","0.99"
18,"Michelle Brooks","D.Coverdale/R.Blackmore/Ritchie Blackmore","0.99"
18,"Michelle Brooks","ian paice/jon lord","0.99"
18,"Michelle Brooks","roger glover","0.99"
18,"Michelle Brooks","John Scofield, Robert Aries, Milton Chambers and Gary Grainger","0.99"
18,"Michelle Brooks","Jeremy Wall","0.99"
18,"Michelle Brooks","Rick Strauss","0.99"
18,"Michelle Brooks","Stevie Ray Vaughan","0.99"
18,"Michelle Brooks","D. DeLeo/Kretz/Weiland","0.99"
18,"Michelle Brooks","R. DeLeo/Weiland","0.99"
18,"Michelle Brooks","Terry Bozzio, Steve Stevens, Tony Levin","0.99"
18,"Michelle Brooks","Chris Robinson/Rich Robinson","0.99"
19,"Tim Goyer","Billie Joe Armstrong -Words Green Day -Music","0.99"
19,"Tim Goyer","Ian Gillan, Roger Glover, Jon Lord, Steve Morse, Ian Paice","0.99"
19,"Tim Goyer","Blackmore, Glover, Turner, Lord, Paice","0.99"
19,"Tim Goyer","D.Coverdale/G.Hughes/Glenn Hughes/I.Paice/Ian Paice/J.Lord/John Lord/R.Blackmore/Ritchie Blackmore","0.99"
19,"Tim Goyer","roger glover","0.99"
19,"Tim Goyer","John Scofield","0.99"
19,"Tim Goyer","Bruce/Clapton","0.99"
19,"Tim Goyer","Clapton/Levy","0.99"
19,"Tim Goyer","Eric Clapton, Will Jennings","0.99"
19,"Tim Goyer","The Clash","0.99"
19,"Tim Goyer","Billy Duffy/Ian Astbury","0.99"
19,"Tim Goyer","Billy Duffy/Bob Rock/Ian Astbury","0.99"
19,"Tim Goyer","Robby Krieger, Ray Manzarek, John Densmore, Jim Morrison","0.99"
19,"Tim Goyer","Janick Gers/Steve Harris","0.99"
19,"Tim Goyer","Adrian Smith; Bruce Dickinson; Steve Harris","0.99"
19,"Tim Goyer","Bruce Dickinson; Harris","0.99"
20,"Dan Miller","Caetano Veloso","0.99"
20,"Dan Miller","Arnaldo Baptista - Rita Lee - Arnolpho Lima Filho","0.99"
20,"Dan Miller","Coverdale/Lord/Paice","0.99"
20,"Dan Miller","Dadinho/Gilbreto Gomes/Gustavo/P.C. Portugal/R. Mocoto","0.99"
20,"Dan Miller","Adalto Magalha/Lourenco","0.99"
20,"Dan Miller","W. Jean, J. Duplessis, Carlos Santana, K. Perazzo & R. Rekow","0.99"
20,"Dan Miller","Gillan/Glover/Lord/Nix - Blackmore/Paice","0.99"
20,"Dan Miller","Rodolfo","0.99"
20,"Dan Miller","Sully Erna; Tony Rombola","0.99"
20,"Dan Miller","Sully Erna","0.99"
20,"Dan Miller","Adam Clayton, Bono, Larry Mullen, The Edge","0.99"
21,"Kathy Chase","Billy/Del James/W. Axl Rose/West Arkeen","0.99"
21,"Kathy Chase","Richard Bull","0.99"
21,"Kathy Chase","Kevin Robinson/Richard Bull","0.99"
21,"Kathy Chase","Maxton Gig Beesley Jnr.","0.99"
21,"Kathy Chase","U2","0.99"
21,"Kathy Chase","Mark Ronson","0.99"
21,"Kathy Chase","Nickolas Ashford & Valerie Simpson","0.99"
21,"Kathy Chase","Herbert Vianna","0.99"
21,"Kathy Chase","Bino Farias/Da Gamma/Lazão/Rás Bernard","0.99"
21,"Kathy Chase","Bino/Da Gama/Ras Bernardo","0.99"
21,"Kathy Chase","Fausto Nilo/Moraes Moreira/Pepeu Gomes","0.99"
21,"Kathy Chase","Luiz Wanderley/Paulo Levi","0.99"
21,"Kathy Chase","Jimmy Page/John Bonham/John Paul Jones","0.99"
21,"Kathy Chase","Willie Dixon","0.99"
21,"Kathy Chase","Frank Zappa","0.99"
21,"Kathy Chase","Jorge Ben","0.99"
21,"Kathy Chase","Luiz Melodia/Ricardo Augusto","0.99"
21,"Kathy Chase","L. Kerslake, O. Osbourne, R. Daisley & R. Rhoads","0.99"
21,"Kathy Chase","O. Osbourne, R. Daisley, R. Rhoads","0.99"
21,"Kathy Chase","A. F. Iommi, W. Ward, T. Butler, J. Osbourne","0.99"
22,"Heather Leacock","Peninha","0.99"
22,"Heather Leacock","Caetano Veloso - Waly Salomão","0.99"
22,"Heather Leacock","Caetano Veloso","0.99"
22,"Heather Leacock","David Corrêa - Paulinho Carvalho - Carlos Sena - Bira do Ponto","0.99"
22,"Heather Leacock","Eric Clapton, Robert Cray","0.99"
22,"Heather Leacock","Bill Gould/Mike Patton","0.99"
22,"Heather Leacock","Bill Gould/Jon Hudson/Mike Bordin/Mike Patton/Roddy Bottum","0.99"
22,"Heather Leacock","Mike Patton","0.99"
22,"Heather Leacock","Tim Maia","0.99"
22,"Heather Leacock","Steven Tyler, Richie Supa","0.99"
22,"Heather Leacock","Jerry Cantrell, Michael Starr, Sean Kinney","0.99"
22,"Heather Leacock","Apocalyptica","0.99"
22,"Heather Leacock","Audioslave/Chris Cornell","0.99"
22,"Heather Leacock","Cornell, Commerford, Morello, Wilk","0.99"
22,"Heather Leacock","Berry Gordy, Jr./Janie Bradford","0.99"
22,"Heather Leacock","Chuck Berry","0.99"
22,"Heather Leacock","Billy Cobham","0.99"
22,"Heather Leacock","James Hetfield, Lars Ulrich, Dave Mustaine","0.99"
22,"Heather Leacock","James Hetfield, Lars Ulrich, Kirk Hammett","0.99"
22,"Heather Leacock","J.Hetfield/L.Ulrich","0.99"
22,"Heather Leacock","K.Hammett","0.99"
22,"Heather Leacock","Metallica","0.99"
23,"John Gordon","Chuck Berry","0.99"
23,"John Gordon","Billy Cobham","0.99"
23,"John Gordon","Tony Iommi, Bill Ward, Geezer Butler, Ozzy Osbourne","0.99"
23,"John Gordon","Roy Z","0.99"
23,"John Gordon","Al Perkins/Willie Dixon","0.99"
23,"John Gordon","Tom Jobim - Newton Mendoça","0.99"
23,"John Gordon","Caetano Veloso","0.99"
23,"John Gordon","James Hetfield and Lars Ulrich","0.99"
23,"John Gordon","Dave Brubeck","0.99"
23,"John Gordon","J.J. Johnson","0.99"
23,"John Gordon","Wagner Tiso, Milton Nascimento","0.99"
23,"John Gordon","John Lennon, Paul McCartney","0.99"
23,"John Gordon","Clarke/Kilmister/Taylor","0.99"
23,"John Gordon","Carlos Imperial/Edardo Araújo","0.99"
23,"John Gordon","Genival Cassiano","0.99"
23,"John Gordon","Salaam Remi","0.99"
23,"John Gordon","Billy Corgan","0.99"
24,"Frank Ralston","Luciana Souza","0.99"
24,"Frank Ralston","Chris Cornell","0.99"
24,"Frank Ralston","George Frideric Handel","0.99"
24,"Frank Ralston","Gabriel Fauré","0.99"
24,"Frank Ralston","Ludwig van Beethoven","0.99"
24,"Frank Ralston","Hector Berlioz","0.99"
24,"Frank Ralston","Richard Poindexter & Robert Poindexter","0.99"
24,"Frank Ralston","Jimmy Page, Robert Plant","0.99"
24,"Frank Ralston","Robert Plant","0.99"
24,"Frank Ralston","John Paul Jones/Robert Plant","0.99"
24,"Frank Ralston","Billy Corgan","0.99"
24,"Frank Ralston","Chris Cornell/Kim Thayil","0.99"
24,"Frank Ralston","Seger","0.99"
24,"Frank Ralston","A.Bouchard/J.Bouchard/S.Pearlman","0.99"
24,"Frank Ralston","Roger Taylor","0.99"
24,"Frank Ralston","John Deacon","0.99"
24,"Frank Ralston","Brian May","0.99"
24,"Frank Ralston","Queen","0.99"
25,"Victor Stevens","Bossi/David Coverdale/Earl Slick","0.99"
25,"Victor Stevens","R.E.M.","0.99"
25,"Victor Stevens","Dave Kushner, Duff, Matt Sorum, Scott Weiland & Slash","0.99"
25,"Victor Stevens","Vandenberg","0.99"
25,"Victor Stevens","Beto Gogo/Jessé Pai/Luiz Carlos/Zeca Pagodinho","0.99"
25,"Victor Stevens","Aldir Blanc/Jayme Vignoli","0.99"
25,"Victor Stevens","Carlinhos Santana/Nelson Rufino","0.99"
25,"Victor Stevens","Adrian Smith/Steve Harris","0.99"
25,"Victor Stevens","Blaze Bayley/Janick Gers/Steve Harris","0.99"
25,"Victor Stevens","Blaze Bayley/Steve Harris","0.99"
25,"Victor Stevens","James Brown","0.99"
25,"Victor Stevens","Addie William Jones/Nat Jones","0.99"
25,"Victor Stevens","Charlie Midnight/Dan Hartman","0.99"
25,"Victor Stevens","Smith, Toby","0.99"
25,"Victor Stevens","Buzz Cason/Mac Gayden","0.99"
26,"Richard Cunningham","U2; Bono","0.99"
26,"Richard Cunningham","Herbert Vianna","0.99"
26,"Richard Cunningham","Chris Cornell","0.99"
26,"Richard Cunningham","Chris Cornell/Kim Thayil","0.99"
26,"Richard Cunningham","Adam Clayton, Bono, Larry Mullen, The Edge","0.99"
26,"Richard Cunningham","Ivan Kral/Patti Smith","0.99"
26,"Richard Cunningham","Billie Joe Armstrong, Mike Dirnt, Tré Cool","0.99"
26,"Richard Cunningham","Izzy Stradlin'/W. Axl Rose","0.99"
26,"Richard Cunningham","Izzy Stradlin'","0.99"
27,"Patrick Gray","Adrian Smith/Bruce Dickinson/Steve Harris","0.99"
27,"Patrick Gray","David Murray/Steve Harris","0.99"
27,"Patrick Gray","Bruce Dickinson/Janick Gers/Steve Harris","0.99"
27,"Patrick Gray","Herbert Vianna","0.99"
27,"Patrick Gray","Fito Paez/Herbert Vianna","0.99"
27,"Patrick Gray","Luke Smith","0.99"
27,"Patrick Gray","Astor Campbell, Delroy ""Chris"" Cooper, Donovan Jackson, Dorothy Fields, Earl Chinna Smith, Felix Howard, Gordon Williams, James Moody, Jimmy McHugh, Matt Rowe, Salaam Remi & Stefan Skarbek","0.99"
27,"Patrick Gray","Henryk Górecki","0.99"
27,"Patrick Gray","Kurt Weill","0.99"
27,"Patrick Gray","Karol Szymanowski","0.99"
27,"Patrick Gray","Ulrich","0.99"
27,"Patrick Gray","Deacon, John","0.99"
27,"Patrick Gray","Chris Robinson/Rich Robinson","0.99"
27,"Patrick Gray","Billy Duffy/Ian Astbury","0.99"
27,"Patrick Gray","Billy Duffy/Bob Rock/Ian Astbury","0.99"
27,"Patrick Gray","Willie Dixon, C. Burnett","0.99"
27,"Patrick Gray","Jesse Ed Davis III/Taj Mahal","0.99"
28,"Julia Barnett","De Beauport/Jagger/Richards","0.99"
28,"Julia Barnett","Pete Townshend, Roger Daltrey","0.99"
28,"Julia Barnett","John Entwistle/Pete Townshend","0.99"
28,"Julia Barnett","Pete Townshend","0.99"
28,"Julia Barnett","Tim Maia","0.99"
28,"Julia Barnett","Mike Bordin, Billy Gould, Mike Patton","0.99"
28,"Julia Barnett","Mike Bordin, Billy Gould, Mike Patton, Trey Spruance","0.99"
28,"Julia Barnett","James Hetfield, Lars Ulrich and Kirk Hammett","0.99"
28,"Julia Barnett","Ulrich","0.99"
28,"Julia Barnett","Soundgarden","0.99"
29,"Robert Brown","Jimmy Page/John Paul Jones","0.99"
29,"Robert Brown","Geddy Lee And Alex Lifeson/Geddy Lee And Neil Peart/Rush","0.99"
29,"Robert Brown","Carlos Santana","0.99"
29,"Robert Brown","Mick Hucknall","0.99"
29,"Robert Brown","Chico Amaral/Samuel Rosa","0.99"
29,"Robert Brown","Nando Reis/Samuel Rosa","0.99"
29,"Robert Brown","Samuel Rosa","0.99"
29,"Robert Brown","Chris Cornell","0.99"
29,"Robert Brown","J. C. Fogerty","0.99"
29,"Robert Brown","Deacon, John","0.99"
29,"Robert Brown","Mercury, Freddie","0.99"
29,"Robert Brown","U2","0.99"
30,"Edward Francis","Jimmy Page","0.99"
30,"Edward Francis","Jimmy Page/John Bonham/John Paul Jones","0.99"
30,"Edward Francis","U2; Bono","0.99"
30,"Edward Francis","U2; Bono & Edge, The","0.99"
30,"Edward Francis","Ray Davies","0.99"
30,"Edward Francis","Ulrich","0.99"
30,"Edward Francis","Holocaust","0.99"
30,"Edward Francis","Matt Cameron","0.99"
30,"Edward Francis","Stone Gossard","0.99"
30,"Edward Francis","Mason, Waters, Wright, Gilmour","0.99"
30,"Edward Francis","Mercury, Freddie","0.99"
30,"Edward Francis","Paul Stanley","0.99"
30,"Edward Francis","Ace Frehley","0.99"
30,"Edward Francis","Gene Simmons","0.99"
30,"Edward Francis","Paul Stanley, Gene Simmons, Rus Ballard, Bob Ezrin","0.99"
31,"Martha Silk","Gonzaga Jr","0.99"
31,"Martha Silk","Arnaldo Baptista - Rita Lee -  Sérgio Dias","0.99"
31,"Martha Silk","Rita Lee - Arnaldo Baptista - Sérgio Baptista","0.99"
31,"Martha Silk","Arnaldo Baptista - Rita Lee - Sérgio Dias","0.99"
31,"Martha Silk","Gillan/Glover/Lord/Paice","0.99"
31,"Martha Silk","John Paul Jones","0.99"
31,"Martha Silk","Steve Harris","0.99"
31,"Martha Silk","David Murray/Paul Di'Anno/Steve Harris","0.99"
31,"Martha Silk","Carlinhos Brown/Herbert Vianna","0.99"
31,"Martha Silk","Gilberto Gil","0.99"
31,"Martha Silk","Bob Rock/James Hetfield/Kirk Hammett/Lars Ulrich","0.99"
31,"Martha Silk","James Hetfield, Lars Ulrich & Kirk Hammett","0.99"
31,"Martha Silk","Dave Brubeck","0.99"
31,"Martha Silk","Gil Evans","0.99"
31,"Martha Silk","Milton Nascimento, Fernando Brant","0.99"
31,"Martha Silk","Toninho Horta","0.99"
31,"Martha Silk","John Lennon, Paul McCartney","0.99"
31,"Martha Silk","Clarke/Kilmister/Taylor","0.99"
31,"Martha Silk","Mick Mars/Nikki Sixx/Tommy Lee/Vince Neil","0.99"
31,"Martha Silk","Nikki Sixx","0.99"
32,"Aaron Mitchell","Jimmy Page/John Bonham/John Paul Jones","0.99"
32,"Aaron Mitchell","Jimmy Page, Robert Plant","0.99"
32,"Aaron Mitchell","Heath/Robinson","0.99"
32,"Aaron Mitchell","Mônica Marianno","0.99"
32,"Aaron Mitchell","Nikki Sixx/Tommy Lee/Vince Neil","0.99"
32,"Aaron Mitchell","Mick Mars/Nikki Sixx/Tommy Lee/Vince Neil","0.99"
32,"Aaron Mitchell","Bi Ribeiro/Herbert Vianna/João Barone","0.99"
32,"Aaron Mitchell","Harris/Tatler","0.99"
32,"Aaron Mitchell","Deacon/May/Mercury/Taylor","0.99"
32,"Aaron Mitchell","Chris Cornell","0.99"
32,"Aaron Mitchell","Jay Beckenstein","0.99"
32,"Aaron Mitchell","Jeremy Wall","0.99"
32,"Aaron Mitchell","R. DeLeo/Weiland","0.99"
33,"Ellie Sullivan","Mike Patton","0.99"
33,"Ellie Sullivan","Adrian Smith; Bruce Dickinson","0.99"
33,"Ellie Sullivan","Adrian Smith; Bruce Dickinson; Steve Harris","0.99"
33,"Ellie Sullivan","Dado Villa-Lobos/Marcelo Bonfá","0.99"
33,"Ellie Sullivan","B. Cummings/G. Peterson/M.J. Kale/R. Bachman","0.99"
33,"Ellie Sullivan","Ivy Hunter/William ""Mickey"" Stevenson","0.99"
33,"Ellie Sullivan","Marvin Gaye","0.99"
33,"Ellie Sullivan","Ulrich","0.99"
33,"Ellie Sullivan","Danzig","0.99"
33,"Ellie Sullivan","U. Dirkschneider, W. Hoffmann, H. Frank, P. Baltes, S. Kaufmann, G. Hoffmann","0.99"
33,"Ellie Sullivan","AC/DC","0.99"
33,"Ellie Sullivan","Steven Tyler, Joe Perry, Desmond Child","0.99"
33,"Ellie Sullivan","Steven Tyler, Jim Vallance","0.99"
33,"Ellie Sullivan","Gene Simmons","0.99"
33,"Ellie Sullivan","Paul Stanley, Bob Ezrin, Kim Fowley","0.99"
33,"Ellie Sullivan","Paul Stanley, Vincent Poncia","0.99"
33,"Ellie Sullivan","May, Brian","0.99"
33,"Ellie Sullivan","May","0.99"
33,"Ellie Sullivan","Bill Berry/Michael Stipe/Mike Mills/Peter Buck","0.99"
33,"Ellie Sullivan","Bill Berry-Peter Buck-Mike Mills-Michael Stipe","0.99"
34,"João Fernandes","Bill Gould/Mike Bordin/Mike Patton","0.99"
34,"João Fernandes","Bill Gould/Jon Hudson/Mike Bordin/Mike Patton","0.99"
34,"João Fernandes","John Bonham, John Paul Jones, Jimmy Page","0.99"
34,"João Fernandes","Jay Kay/Toby Smith","0.99"
34,"João Fernandes","Toby Smith","0.99"
34,"João Fernandes","Toby Smith/Wallis Buchanan","0.99"
34,"João Fernandes","C. Cester/C. Muncey/N. Cester","0.99"
34,"João Fernandes","Jimi Hendrix","0.99"
34,"João Fernandes","Billy Roberts","0.99"
34,"João Fernandes","Marco Tulio Lara/Rogerio Flausino","0.99"
34,"João Fernandes","Paul Stanley, Ace Frehley","0.99"
35,"Madalena Sampaio","Adrian Smith; Bruce Dickinson; Steve Harris","0.99"
35,"Madalena Sampaio","Adrian Smith","0.99"
35,"Madalena Sampaio","O. Osbourne","0.99"
35,"Madalena Sampaio","L. Kilmister, O. Osbourne & Z. Wylde","0.99"
35,"Madalena Sampaio","O. Osbourne, R. Daisley, R. Rhoads","0.99"
35,"Madalena Sampaio","Traditional","0.99"
35,"Madalena Sampaio","Patrick Claher/Richard Bull","0.99"
35,"Madalena Sampaio","G Harvey/R Hope-Taylor","0.99"
35,"Madalena Sampaio","David Murray/Steve Harris","0.99"
35,"Madalena Sampaio","Harris/Paul Di´Anno","0.99"
35,"Madalena Sampaio","Smith/Dickinson","0.99"
35,"Madalena Sampaio","Harris","0.99"
35,"Madalena Sampaio","Hendrix, Jimi","0.99"
35,"Madalena Sampaio","U2 & Daragh O'Toole","0.99"
36,"Hannah Schneider","Bill Gould/Mike Bordin/Mike Patton","0.99"
36,"Hannah Schneider","Bill Gould/Jon Hudson/Mike Bordin/Mike Patton/Roddy Bottum","0.99"
36,"Hannah Schneider","Bruce Dickinson/Janick Gers","0.99"
36,"Hannah Schneider","Harris","0.99"
36,"Hannah Schneider","Bruce Dickinson/Steve Harris","0.99"
36,"Hannah Schneider","David Murray/Steve Harris","0.99"
36,"Hannah Schneider","Dickinson/Smith","0.99"
36,"Hannah Schneider","Dave Murray; Steve Harris","0.99"
36,"Hannah Schneider","Ivy Jo Hunter/Marvin Gaye/William Stevenson","0.99"
36,"Hannah Schneider","Edward Van Halen, Alex Van Halen, David Lee Roth, Michael Anthony","0.99"
36,"Hannah Schneider","Edward Van Halen, Alex Van Halen, David Lee Roth","0.99"
36,"Hannah Schneider","Dave Kushner, Duff, Matt Sorum, Scott Weiland & Slash","0.99"
36,"Hannah Schneider","Collins/Van Zandt","0.99"
36,"Hannah Schneider","Molaney/Morris/Roberts/Wainwright","0.99"
36,"Hannah Schneider","Gilberto Gil","0.99"
36,"Hannah Schneider","Clarke/Farren/Kilmister/Tayler","0.99"
36,"Hannah Schneider","Tony Iommi, Bill Ward, Geezer Butler, Ozzy Osbourne","0.99"
37,"Fynn Zimmermann","Hawkins-Lewis-Broadwater","0.99"
37,"Fynn Zimmermann","J. C. Fogerty","0.99"
37,"Fynn Zimmermann","Dave Grohl, Taylor Hawkins, Nate Mendel, Chris Shiflett/FOO FIGHTERS","0.99"
37,"Fynn Zimmermann","Foo Fighters","0.99"
37,"Fynn Zimmermann","Dave, Taylor, Nate, Chris","0.99"
37,"Fynn Zimmermann","Dave Grohl","0.99"
37,"Fynn Zimmermann","hans bradtke/heinz meier/johnny mercer","0.99"
37,"Fynn Zimmermann","jimmy van heusen/sammy cahn","0.99"
37,"Fynn Zimmermann","Humberto Teixeira/Luiz Gonzaga","0.99"
37,"Fynn Zimmermann","Dominguinhos/Gilberto Gil","0.99"
37,"Fynn Zimmermann","Gilberto Gil","0.99"
37,"Fynn Zimmermann","Sully Erna","0.99"
37,"Fynn Zimmermann","Branco Mello/Carlos Barmack/Ciro Pessoa/Marcelo Fromer/Toni Belloto","0.99"
37,"Fynn Zimmermann","Sérgio Britto","0.99"
37,"Fynn Zimmermann","Nando Reis","0.99"
37,"Fynn Zimmermann","Paul Stanley","0.99"
37,"Fynn Zimmermann","Gene Simmons","0.99"
37,"Fynn Zimmermann","John Paul Jones/Robert Plant","0.99"
37,"Fynn Zimmermann","Robert Plant","0.99"
37,"Fynn Zimmermann","Ben E.King/James Bethea","0.99"
37,"Fynn Zimmermann","Jimmy Page, Robert Plant","0.99"
38,"Niklas Schröder","Bill Gould/Mike Patton","0.99"
38,"Niklas Schröder","Jimmy Page, Robert Plant, John Bonham","0.99"
38,"Niklas Schröder","Jimmy Page, Robert Plant, John Paul Jones","0.99"
38,"Niklas Schröder","Robert Plant","0.99"
38,"Niklas Schröder","Ian Stewart/John Bonham/John Paul Jones/Mrs. Valens/Robert Plant","0.99"
38,"Niklas Schröder","Queen & David Bowie","0.99"
38,"Niklas Schröder","Queen","0.99"
38,"Niklas Schröder","Bolin/Coverdale","0.99"
38,"Niklas Schröder","Blackmore, Gillan, Glover, Lord, Paice","0.99"
38,"Niklas Schröder","Ritchie Blackmore, Ian Gillan, Roger Glover, Jon Lord, Ian Paice","0.99"
38,"Niklas Schröder","South","0.99"
38,"Niklas Schröder","Ian Gillan/Ian Paice/Jon Lord/Ritchie Blckmore/Roger Glover","0.99"
38,"Niklas Schröder","Ian Gillan, Roger Glover, Jon Lord, Steve Morse, Ian Paice","0.99"
38,"Niklas Schröder","Blackmore, Glover, Turner","0.99"
38,"Niklas Schröder","D.Coverdale/G.Hughes/Glenn Hughes/R.Blackmore/Ritchie Blackmore","0.99"
38,"Niklas Schröder","roger glover","0.99"
38,"Niklas Schröder","Jim Beard & Jon Herington","0.99"
38,"Niklas Schröder","Djavan","0.99"
38,"Niklas Schröder","R. DeLeo/Weiland","0.99"
38,"Niklas Schröder","Terry Bozzio, Steve Stevens, Tony Levin","0.99"
38,"Niklas Schröder","Joe Strummer/Mick Jones","0.99"
39,"Camille Bernard","Ludwig van Beethoven","0.99"
39,"Camille Bernard","Béla Bartók","0.99"
39,"Camille Bernard","David Murray/Steve Harris","0.99"
39,"Camille Bernard","Adrian Smith/Clive Burr/Steve Harris","0.99"
39,"Camille Bernard","Blaze Bayley/Janick Gers","0.99"
39,"Camille Bernard","Janick Gers/Steve Harris","0.99"
39,"Camille Bernard","Tony Iommi, Bill Ward, Geezer Butler, Ozzy Osbourne","0.99"
39,"Camille Bernard","David Coverdale/Earl Slick","0.99"
39,"Camille Bernard","Gonzaga Jr","0.99"
39,"Camille Bernard","Arnaldo Baptista - Rita Lee -  Sérgio Dias","0.99"
39,"Camille Bernard","Arnaldo Baptista/Rita Lee/Sérgio Dias","0.99"
39,"Camille Bernard","Gillan/Glover/Lord/Paice","0.99"
39,"Camille Bernard","Caruso/Cleber/Deo/Osmar","0.99"
39,"Camille Bernard","Gule/Jorge 101/Lequinho/Luiz Piao","0.99"
39,"Camille Bernard","L. Hill","0.99"
40,"Dominique Lefebvre","Dito/Djalma Falcao/Ilha, Almir Da/Márcio André","0.99"
40,"Dominique Lefebvre","E. Shrody","0.99"
40,"Dominique Lefebvre","KC Porter & JB Eckl","0.99"
40,"Dominique Lefebvre","J. C. Fogerty","0.99"
40,"Dominique Lefebvre","Robert Johnson","0.99"
40,"Dominique Lefebvre","Geddy Lee And Alex Lifeson/Geddy Lee And Neil Peart/Rush","0.99"
40,"Dominique Lefebvre","Page, Jones","0.99"
40,"Dominique Lefebvre","Sully Erna","0.99"
40,"Dominique Lefebvre","Billie Joe Armstrong/Green Day","0.99"
40,"Dominique Lefebvre","Adam Clayton, Bono, Larry Mullen & The Edge","0.99"
41,"Marc Dubois","Johann Sebastian Bach","0.99"
41,"Marc Dubois","Astor Piazzolla","0.99"
41,"Marc Dubois","Bino/Da Gama/Lazao/Ras Bernardo","0.99"
41,"Marc Dubois","Paulo Levi/W. Rangel","0.99"
41,"Marc Dubois","Jauperi/Zeu Góes","0.99"
41,"Marc Dubois","Jimmy Page/Robert Johnson/Robert Plant","0.99"
41,"Marc Dubois","Don Van Vliet","0.99"
41,"Marc Dubois","Baden Powell/Vinicius de Moraes","0.99"
41,"Marc Dubois","Luiz Carlos/Oberdan","0.99"
41,"Marc Dubois","Traditional","0.99"
41,"Marc Dubois","Freddie Mercury","0.99"
41,"Marc Dubois","A. F. Iommi, W. Ward, T. Butler, J. Osbourne","0.99"
41,"Marc Dubois","Greg Macainsh","0.99"
41,"Marc Dubois","Pearl Jam & Eddie Vedder","0.99"
41,"Marc Dubois","Eddie Vedder","0.99"
41,"Marc Dubois","Djavan","0.99"
41,"Marc Dubois","Clapton/Gordon","0.99"
41,"Marc Dubois","Clapton/Robert Johnson Arr: Eric Clapton","0.99"
41,"Marc Dubois","The Tea Party","0.99"
42,"Wyatt Girard","Faith No More","0.99"
42,"Wyatt Girard","Titãs","0.99"
42,"Wyatt Girard","Jerry Cantrell","0.99"
42,"Wyatt Girard","Jerry Cantrell, Layne Staley","0.99"
42,"Wyatt Girard","Apocalyptica","0.99"
42,"Wyatt Girard","Cornell, Commerford, Morello, Wilk","0.99"
42,"Wyatt Girard","Eddie Cochran/Jerry Capehart","0.99"
42,"Wyatt Girard","Billy Cobham","0.99"
42,"Wyatt Girard","Tony Iommi, Bill Ward, Geezer Butler, Ozzy Osbourne","0.99"
42,"Wyatt Girard","James Hetfield, Lars Ulrich","0.99"
42,"Wyatt Girard","C.Burton","0.99"
42,"Wyatt Girard","Hetfield, Ulrich, Hammett","0.99"
42,"Wyatt Girard","Hetfield, Ulrich","0.99"
42,"Wyatt Girard","Metallica","0.99"
42,"Wyatt Girard","James Hetfield, Lars Ulrich & Kirk Hammett","0.99"
42,"Wyatt Girard","James Hetfield, Lars Ulrich and Cliff Burton","0.99"
43,"Isabelle Mercier","William Byrd","0.99"
43,"Isabelle Mercier","Jeremy Wall","0.99"
43,"Isabelle Mercier","E. Schrody/L. Dimant","0.99"
43,"Isabelle Mercier","L. Muggerud","0.99"
43,"Isabelle Mercier","Darius ""Take One"" Minwalla/Jon Auer/Ken Stringfellow/Matt Harris","0.99"
43,"Isabelle Mercier","Michael Jackson","0.99"
43,"Isabelle Mercier","Richard Wagner","0.99"
43,"Isabelle Mercier","Jimmy Page/Jimmy Page & Robert Plant/Robert Plant","0.99"
43,"Isabelle Mercier","Jimmy Page","0.99"
43,"Isabelle Mercier","Jimmy Page, Robert Plant, John Paul Jones, John Bonham","0.99"
43,"Isabelle Mercier","Jimmy Page, Robert Plant, John Paul Jones","0.99"
43,"Isabelle Mercier","Traditional","0.99"
44,"Terhi Hämäläinen","Jimmy Page","0.99"
44,"Terhi Hämäläinen","Renato Russo - Marisa Monte","0.99"
44,"Terhi Hämäläinen","Dado Villa-Lobos/Marcelo Bonfá","0.99"
44,"Terhi Hämäläinen","Craig Ross/Lenny Kravitz","0.99"
44,"Terhi Hämäläinen","Lenny Kravitz","0.99"
44,"Terhi Hämäläinen","Henry Hirsch/Lenny Kravitz","0.99"
44,"Terhi Hämäläinen","Jay Beckenstein","0.99"
44,"Terhi Hämäläinen","Chet Catallo","0.99"
44,"Terhi Hämäläinen","Queen","0.99"
44,"Terhi Hämäläinen","Paul Stanley","0.99"
44,"Terhi Hämäläinen","Gene Simmons, S. Coronel","0.99"
44,"Terhi Hämäläinen","Paul Stanley, Vincent Poncia, Desmond Child","0.99"
44,"Terhi Hämäläinen","S. Penridge, Bob Ezrin, Peter Criss","0.99"
44,"Terhi Hämäläinen","Gene Simmons","0.99"
44,"Terhi Hämäläinen","Mercury","0.99"
44,"Terhi Hämäläinen","The Tea Party","0.99"
44,"Terhi Hämäläinen","Keith Richards/Mick Jagger","0.99"
44,"Terhi Hämäläinen","Alex Van Halen/David Lee Roth/Edward Van Halen/Michael Anthony","0.99"
44,"Terhi Hämäläinen","Edward Van Halen, Alex Van Halen, David Lee Roth, Michael Anthony","0.99"
44,"Terhi Hämäläinen","Edward Van Halen, Alex Van Halen, Michael Anthony,/Edward Van Halen, Alex Van Halen, Michael Anthony, Sammy Hagar","0.99"
44,"Terhi Hämäläinen","Van Halen","0.99"
44,"Terhi Hämäläinen","Dave Kushner, Duff, Matt Sorum, Scott Weiland & Slash","0.99"
44,"Terhi Hämäläinen","Sykes","0.99"
44,"Terhi Hämäläinen","Vandenberg","0.99"
44,"Terhi Hämäläinen","Arlindo Cruz/Franco/Marquinhos PQD/Negro, Jovelina Pérolo/Zeca Pagodinho","0.99"
44,"Terhi Hämäläinen","Grazielle/Roque Ferreira","0.99"
45,"Ladislav Kovács","Dave Kushner, Duff, Keith Nelson, Matt Sorum, Scott Weiland & Slash","0.99"
45,"Ladislav Kovács","Marsden","0.99"
45,"Ladislav Kovács","Vandenberg","0.99"
45,"Ladislav Kovács","Paulinho Rezende/Toninho Geraes","0.99"
45,"Ladislav Kovács","Nei Lopes/Wilson Moreira","0.99"
45,"Ladislav Kovács","Steve Harris","0.99"
45,"Ladislav Kovács","Ted Wright","0.99"
45,"Ladislav Kovács","Bobby Byrd/James Brown/Ron Lenhoff","0.99"
45,"Ladislav Kovács","Brad Shapiro/George Jackson/Robert Miller/Walter Shaw","0.99"
45,"Ladislav Kovács","Toby Smith","0.99"
45,"Ladislav Kovács","Taylor","0.99"
45,"Ladislav Kovács","May","0.99"
45,"Ladislav Kovács","Roy Z","0.99"
45,"Ladislav Kovács","Eddie Casillas/Roy Z","0.99"
45,"Ladislav Kovács","Adrian Smith","0.99"
45,"Ladislav Kovács","Willie Dixon","0.99"
45,"Ladislav Kovács","Buddy Guy","0.99"
46,"Hugh O'Reilly","Rick Strauss","0.99"
46,"Hugh O'Reilly","B. Carter/C. Layton/R. Ellsworth/R. Wynans/T. Shannon","0.99"
46,"Hugh O'Reilly","Adam Clayton, Bono, Larry Mullen, The Edge","0.99"
46,"Hugh O'Reilly","Adam Clayton, Bono, Larry Mullen & The Edge","0.99"
46,"Hugh O'Reilly","Bono, The Edge, Adam Clayton, and Larry Mullen","0.99"
46,"Hugh O'Reilly","Duff McKagan/Slash/W. Axl Rose","0.99"
46,"Hugh O'Reilly","W. Axl Rose","0.99"
46,"Hugh O'Reilly","Izzy Stradlin'/W. Axl Rose","0.99"
46,"Hugh O'Reilly","Kevin Robinson/Richard Bull","0.99"
46,"Hugh O'Reilly","Julian Crampton","0.99"
47,"Lucas Mancini","Franz Schubert","0.99"
47,"Lucas Mancini","Deaffy & R.A. Smith-Diesel","0.99"
47,"Lucas Mancini","James Hetfield","0.99"
47,"Lucas Mancini","Taylor","0.99"
47,"Lucas Mancini","May","0.99"
47,"Lucas Mancini","The Clash","0.99"
47,"Lucas Mancini","Billy Duffy/Ian Astbury","0.99"
47,"Lucas Mancini","Robby Krieger, Ray Manzarek, John Densmore, Jim Morrison","0.99"
47,"Lucas Mancini","Jagger/Richards/Oldham","0.99"
47,"Lucas Mancini","Clapton/J. J. Cale","0.99"
47,"Lucas Mancini","Clapton/F.eldman/Linn","0.99"
47,"Lucas Mancini","Eric Clapton","0.99"
47,"Lucas Mancini","Jesse Fuller","0.99"
47,"Lucas Mancini","Bill Gould/Mike Patton","0.99"
47,"Lucas Mancini","Mike Patton","0.99"
47,"Lucas Mancini","Mike Bordin, Billy Gould, Mike Patton","0.99"
48,"Johannes Van der Berg","Faith No More","0.99"
48,"Johannes Van der Berg","Dave Grohl, Taylor Hawkins, Nate Mendel, Chris Shiflett","0.99"
48,"Johannes Van der Berg","James Hetfield, Lars Ulrich, Dave Mustaine","0.99"
48,"Johannes Van der Berg","Cliff Burton","0.99"
48,"Johannes Van der Berg","Willie Dixon","0.99"
48,"Johannes Van der Berg","Doyle Bramhall/Stevie Ray Vaughan","0.99"
48,"Johannes Van der Berg","Paul Stanley, Gene Simmons","0.99"
48,"Johannes Van der Berg","Geddy Lee And Alex Lifeson/Geddy Lee And Neil Peart/Rush","0.99"
48,"Johannes Van der Berg","E.Weiss","0.99"
48,"Johannes Van der Berg","Kenny Gamble and Leon Huff","0.99"
48,"Johannes Van der Berg","Chico Amaral/Edgard Scandurra/Samuel Rosa","0.99"
48,"Johannes Van der Berg","Chico Amaral/Samuel Rosa","0.99"
48,"Johannes Van der Berg","Samuel Rosa","0.99"
49,"Stanisław Wójcik","Geddy Lee And Alex Lifeson/Geddy Lee And Neil Peart/Rush","0.99"
49,"Stanisław Wójcik","Jimmy and Vella Cameron","0.99"
49,"Stanisław Wójcik","Mick Hucknall","0.99"
49,"Stanisław Wójcik","Chico Amaral/Samuel Rosa","0.99"
49,"Stanisław Wójcik","Samuel Rosa","0.99"
49,"Stanisław Wójcik","Chris Cornell/Kim Thayil","0.99"
49,"Stanisław Wójcik","Chris Cornell","0.99"
49,"Stanisław Wójcik","Jeremy Wall","0.99"
49,"Stanisław Wójcik","B. Guy","0.99"
49,"Stanisław Wójcik","Bolin/Coverdale/Paice","0.99"
49,"Stanisław Wójcik","Bolin/Coverdale","0.99"
49,"Stanisław Wójcik","Blackmore, Gillan, Glover, Lord, Paice","0.99"
49,"Stanisław Wójcik","Ritchie Blackmore, Ian Gillan, Roger Glover, Jon Lord, Ian Paice","0.99"
49,"Stanisław Wójcik","Robert Plant","0.99"
49,"Stanisław Wójcik","John Bonham/John Paul Jones/Robert Plant","0.99"
49,"Stanisław Wójcik","May","0.99"
49,"Stanisław Wójcik","Bill Berry-Peter Buck-Mike Mills-Michael Stipe","0.99"
49,"Stanisław Wójcik","Bono, The Edge, Adam Clayton, and Larry Mullen","0.99"
49,"Stanisław Wójcik","U2","0.99"
50,"Enrique Muñoz","Steve Harris","0.99"
50,"Enrique Muñoz","James Hetfield, Lars Ulrich, Dave Mustaine","0.99"
50,"Enrique Muñoz","James Hetfield, Lars Ulrich","0.99"
50,"Enrique Muñoz","Neil Young","0.99"
50,"Enrique Muñoz","Jeff Ament","0.99"
50,"Enrique Muñoz","Pearl Jam","0.99"
50,"Enrique Muñoz","Dave Abbruzzese/Eddie Vedder/Jeff Ament/Mike McCready/Stone Gossard","0.99"
50,"Enrique Muñoz","Waters","0.99"
50,"Enrique Muñoz","David Coverdale","0.99"
50,"Enrique Muñoz","Bossi/David Coverdale/Earl Slick","0.99"
50,"Enrique Muñoz","John Entwistle/Pete Townshend","0.99"
50,"Enrique Muñoz","Genival Cassiano/Silvio Rochael","0.99"
51,"Joakim Johansson","B. Daisley, O. Osbourne & R. Rhoads","0.99"
51,"Joakim Johansson","L. Kerslake, O. Osbourne, R. Daisley & R. Rhoads","0.99"
51,"Joakim Johansson","J. Purdell, M. Inez, O. Osbourne, R. Castillo & Z. Wylde","0.99"
51,"Joakim Johansson","O. Osbourne, R. Daisley, R. Rhoads","0.99"
51,"Joakim Johansson","Titãs","0.99"
51,"Joakim Johansson","Arnaldo Antunes/Charles Gavin/Marcelo Fromer/Sérgio Britto/Toni Bellotto","0.99"
51,"Joakim Johansson","Sérgio Britto/Toni Bellotto","0.99"
51,"Joakim Johansson","Arnaldo Anutnes/Branco Mello/Marcelo Fromer/Sergio Brotto/Toni Bellotto","0.99"
51,"Joakim Johansson","Ciro Pressoa/Marcelo Fromer","0.99"
51,"Joakim Johansson","Billie Joe Armstrong, Mike Dirnt, Tré Cool","0.99"
51,"Joakim Johansson","John Paul Jones/Robert Plant","0.99"
51,"Joakim Johansson","Robert Plant","0.99"
51,"Joakim Johansson","R. Troup, L. Worth","0.99"
51,"Joakim Johansson","Lô Borges, Fernando Brant","0.99"
51,"Joakim Johansson","Lô Borges, Márcio Borges, Fernando Brant","0.99"
51,"Joakim Johansson","Milton Nascimento, Fernando Brant","0.99"
51,"Joakim Johansson","Mônica Marianno","0.99"
51,"Joakim Johansson","Nikki Sixx","0.99"
51,"Joakim Johansson","Cub Coda/Michael Lutz","0.99"
51,"Joakim Johansson","Nirvana","0.99"
51,"Joakim Johansson","Jorge Ben","0.99"
51,"Joakim Johansson","Gilberto Gil","0.99"
51,"Joakim Johansson","Caetano Veloso - Waly Salomão","0.99"
52,"Emma Jones","Bino Farias/Da Gama/Henry Lawes/Lazão/Toni Garrido/Winston Foser-Vers","0.99"
52,"Emma Jones","Bino Farias/Da Gama/Lazão/Toni Garrido","0.99"
52,"Emma Jones","Bernardo Vilhena/Da Gama/Lazão","0.99"
52,"Emma Jones","Harry Lawes/Winston Foster-Vers","0.99"
52,"Emma Jones","Lulu Santos","0.99"
52,"Emma Jones","Mike Dint, Billie Joe, Tré Cool","0.99"
52,"Emma Jones","Green Day","0.99"
52,"Emma Jones","James Hetfield, Lars Ulrich","0.99"
52,"Emma Jones","Dean Deleo","0.99"
52,"Emma Jones","R. DeLeo/Weiland","0.99"
52,"Emma Jones","D. DeLeo/Kretz/Weiland","0.99"
52,"Emma Jones","Terry Bozzio, Steve Stevens, Tony Levin","0.99"
52,"Emma Jones","Bruce Dickinson/Steve Harris","0.99"
52,"Emma Jones","Steve Harris","0.99"
52,"Emma Jones","Robert Plant","0.99"
52,"Emma Jones","John Paul Jones/Robert Plant","0.99"
52,"Emma Jones","Dado Villa-Lobos/Marcelo Bonfá","0.99"
52,"Emma Jones","Lenny Kravitz","0.99"
52,"Emma Jones","Kelly, Mosley, Rothery, Trewaves","0.99"
53,"Phil Hughes","Adrian Smith/Steve Harris","0.99"
53,"Phil Hughes","Janick Gers/Steve Harris","0.99"
53,"Phil Hughes","Kelly, Mosley, Rothery, Trewaves","0.99"
53,"Phil Hughes","Lulu Santos","0.99"
53,"Phil Hughes","Caetano Veloso e Gilberto Gil","0.99"
53,"Phil Hughes","Robert Rogers/Warren ""Pete"" Moore/William ""Mickey"" Stevenson","0.99"
53,"Phil Hughes","Al Cleveland/Marvin Gaye/Renaldo Benson","0.99"
53,"Phil Hughes","James Hetfield, Lars Ulrich and Kirk Hammett","0.99"
53,"Phil Hughes","Harris/Tatler","0.99"
53,"Phil Hughes","Deacon/May/Mercury/Taylor","0.99"
53,"Phil Hughes","James Hetfield","0.99"
53,"Phil Hughes","James Hetfield, Lars Ulrich, Kirk Hammett","0.99"
53,"Phil Hughes","AC/DC","0.99"
53,"Phil Hughes","Steven Tyler, Joe Perry, Jim Vallance, Holly Knight","0.99"
53,"Phil Hughes","Steven Tyler, Joe Perry, Taylor Rhodes","0.99"
53,"Phil Hughes","Steven Tyler, Joe Perry, Mark Hudson","0.99"
53,"Phil Hughes","Jerry Cantrell, Layne Staley","0.99"
53,"Phil Hughes","Jerry Cantrell","0.99"
53,"Phil Hughes","Jimmy Page/Robert Plant","0.99"
53,"Phil Hughes","Jimmy Page, Robert Plant","0.99"
53,"Phil Hughes","Bill Berry/Michael Stipe/Mike Mills/Peter Buck","0.99"
54,"Steve Murray","J. C. Fogerty","0.99"
54,"Steve Murray","J. Satriani","0.99"
54,"Steve Murray","João Suplicy","0.99"
54,"Steve Murray","Paul Stanley, Vincent Poncia","0.99"
54,"Steve Murray","Paul Stanley, Gene Simmons","0.99"
54,"Steve Murray","Arthur Crudup/Bernard Besman/Bukka White/Doc Pomus/John Bonham/John Lee Hooker/John Paul Jones/Mort Shuman/Robert Plant/Willie Dixon","0.99"
54,"Steve Murray","E. Schrody/L. Dimant","0.99"
54,"Steve Murray","E. Schrody/L. Muggerud","0.99"
54,"Steve Murray","E. Schrody/R. Medrano","0.99"
54,"Steve Murray","David Murray/Steve Harris","0.99"
54,"Steve Murray","Bruce Dickinson/Steve Harris","0.99"
54,"Steve Murray","Bruce Dickinson","0.99"
54,"Steve Murray","Steve Harris","0.99"
55,"Mark Taylor","O. Osbourne, R. Daisley, R. Rhoads","0.99"
55,"Mark Taylor","A. F. Iommi, W. Ward, T. Butler, J. Osbourne","0.99"
55,"Mark Taylor","R. Rhoads","0.99"
55,"Mark Taylor","Paul Stanley, Vincent Poncia","0.99"
55,"Mark Taylor","Bruce Dickinson","0.99"
55,"Mark Taylor","Adrian Smith/Bruce Dickinson/Steve Harris","0.99"
55,"Mark Taylor","U2; Edge, The","0.99"
55,"Mark Taylor","U2; Bono & Edge, The","0.99"
56,"Diego Gutiérrez","Paul Stanley","0.99"
56,"Diego Gutiérrez","Gene Simmons","0.99"
56,"Diego Gutiérrez","Mike Dint, Billie Joe, Tré Cool","0.99"
56,"Diego Gutiérrez","Green Day","0.99"
56,"Diego Gutiérrez","James Hetfield, Lars Ulrich","0.99"
56,"Diego Gutiérrez","Hetfield, Ulrich, Hammett","0.99"
56,"Diego Gutiérrez","Hetfield, Ulrich","0.99"
56,"Diego Gutiérrez","Hetfield, Ulrich, Newsted","0.99"
56,"Diego Gutiérrez","Roy Z","0.99"
56,"Diego Gutiérrez","Mike Bordin, Billy Gould, Mike Patton, Trey Spruance","0.99"
56,"Diego Gutiérrez","Faith No More","0.99"
56,"Diego Gutiérrez","Dave Grohl, Taylor Hawkins, Nate Mendel, Chris Shiflett","0.99"
56,"Diego Gutiérrez","Dave Grohl, Taylor Hawkins, Nate Mendel, Chris Shiflett/FOO FIGHTERS","0.99"
56,"Diego Gutiérrez","Foo Fighters","0.99"
56,"Diego Gutiérrez","Dave, Taylor, Nate, Chris","0.99"
56,"Diego Gutiérrez","Dave Grohl","0.99"
56,"Diego Gutiérrez","carl sigman/gilbert becaud/pierre leroyer","0.99"
56,"Diego Gutiérrez","ervin drake","0.99"
56,"Diego Gutiérrez","Manuca/Raimundinho DoAcordion/Targino Godim","0.99"
56,"Diego Gutiérrez","Nando Reis","0.99"
57,"Luis Rojas","Dave, Taylor, Nate, Chris","0.99"
57,"Luis Rojas","cole porter","0.99"
57,"Luis Rojas","bart howard","0.99"
57,"Luis Rojas","bert brecht/kurt weill/marc blitzstein","0.99"
57,"Luis Rojas","Guio De Morais E Seus ""Parentes""/Luiz Gonzaga","0.99"
57,"Luis Rojas","Sully Erna","0.99"
57,"Luis Rojas","Billie Joe Armstrong, Mike Dirnt, Tré Cool","0.99"
57,"Luis Rojas","Mike Dirnt/Tré Cool","0.99"
57,"Luis Rojas","Roy Z","0.99"
57,"Luis Rojas","Adrian Smith","0.99"
57,"Luis Rojas","Clapton/Harrison","0.99"
57,"Luis Rojas","Bruce/Clapton","0.99"
57,"Luis Rojas","Jimmy Page, Robert Plant","0.99"
57,"Luis Rojas","Jimmy Page & Robert Plant","0.99"
57,"Luis Rojas","Nikolai Rimsky-Korsakov","0.99"
58,"Manoj Pareek","Ace Frehley","0.99"
58,"Manoj Pareek","Gene Simmons, S. Coronel","0.99"
58,"Manoj Pareek","Richie Blackmore, Ian Gillian, Roger Glover, Jon Lord, Ian Paice","0.99"
58,"Manoj Pareek","Ian Gillan/Ian Paice/Jon Lord/Ritchie Blckmore/Roger Glover","0.99"
58,"Manoj Pareek","Ian Gillan, Roger Glover, Jon Lord, Steve Morse, Ian Paice","0.99"
58,"Manoj Pareek","Blackmore, Glover, Turner, Lord, Paice","0.99"
58,"Manoj Pareek","D.Coverdale/G.Hughes/Glenn Hughes/I.Paice/Ian Paice/J.Lord/John Lord/R.Blackmore/Ritchie Blackmore","0.99"
58,"Manoj Pareek","roger glover","0.99"
58,"Manoj Pareek","Jim Beard","0.99"
58,"Manoj Pareek","Djavan","0.99"
58,"Manoj Pareek","Terry Bozzio, Steve Stevens, Tony Levin","0.99"
58,"Manoj Pareek","A.Isbell/A.Jones/O.Redding","0.99"
58,"Manoj Pareek","The Clash","0.99"
58,"Manoj Pareek","Billy Duffy/Ian Astbury/Marti Frederiksen/Mick Jones","0.99"
58,"Manoj Pareek","Billy Duffy/Ian Astbury","0.99"
58,"Manoj Pareek","Johann Sebastian Bach","0.99"
58,"Manoj Pareek","Frédéric Chopin","0.99"
58,"Manoj Pareek","Dickinson","0.99"
58,"Manoj Pareek","Harris","0.99"
58,"Manoj Pareek","Bruce Dickinson/David Murray/Steve Harris","0.99"
59,"Puja Srivastava","David Murray/Steve Harris","0.99"
59,"Puja Srivastava","Steve Harris","0.99"
59,"Puja Srivastava","Jimmy Forrest/Lewis C. Simpkins/Oscar Washington","0.99"
59,"Puja Srivastava","Betty Newsome/James Brown","0.99"
59,"Puja Srivastava","Addie William Jones/Nat Jones","0.99"
59,"Puja Srivastava","Deanna Brown/Deidra Jenkins/Yamma Brown","0.99"
59,"Puja Srivastava","Orestes Barbosa-Sílvio Caldas","0.99"
59,"Puja Srivastava","Coverdale","0.99"
59,"Puja Srivastava","Jimmy Page/Robert Plant","0.99"
59,"Puja Srivastava","Bizuca/Clóvis Pê/Gilson Bernini/Marelo D'Aguia","0.99"
59,"Puja Srivastava","Carlos Santana & Dave Matthews","0.99"
59,"Puja Srivastava","Carlos Santana & KC Porter","0.99"
59,"Puja Srivastava","Bill Berry/Michael Stipe/Mike Mills/Peter Buck","0.99"
